<?xml version="1.0"?>
<object name="ders-kayit-dilekcesi" meta_type="Dexterity FTI"
   i18n:domain="plone" xmlns:i18n="http://xml.zope.org/namespaces/i18n">
 <property name="title" i18n:translate="">Ders Kayıt Dilekçesi</property>
 <property name="description"
    i18n:translate="">Öğrencilerin kontenjanı dolan derslere kayıt olmak için verdikleri dilekçe. Bu dilekçe web üzerinden doldurulduktan sonra çıkışı alınarak imzalanmalı, not döküm belgesi (transkript) ve haftalık ders çizelgesi ile birlikte duyurularda belirtilen tarihler arasında Bilgisayar ve Bilişim Fakültesi Öğrenci İşleri Bürosu'na teslim edilmelidir.</property>
 <property name="icon_expr">string:${portal_url}/document_icon.png</property>
 <property name="factory">ders-kayit-dilekcesi</property>
 <property
    name="add_view_expr">string:${folder_url}/++add++ders-kayit-dilekcesi</property>
 <property name="link_target"></property>
 <property name="immediate_view">view</property>
 <property name="global_allow">True</property>
 <property name="filter_content_types">True</property>
 <property name="allowed_content_types"/>
 <property name="allow_discussion">False</property>
 <property name="default_view">ders_kayit_dilekcesi_layout_view</property>
 <property name="view_methods">
  <element value="view"/>
  <element value="ders_kayit_dilekcesi_layout_view"/>
 </property>
 <property name="default_view_fallback">False</property>
 <property name="add_permission">cmf.AddPortalContent</property>
 <property name="klass">plone.dexterity.content.Container</property>
 <property name="behaviors">
  <element value="plone.app.dexterity.behaviors.discussion.IAllowDiscussion"/>
 </property>
 <property name="schema"></property>
 <property
    name="model_source">&lt;model xmlns:i18n="http://xml.zope.org/namespaces/i18n" xmlns:security="http://namespaces.plone.org/supermodel/security" xmlns:marshal="http://namespaces.plone.org/supermodel/marshal" xmlns:form="http://namespaces.plone.org/supermodel/form" xmlns="http://namespaces.plone.org/supermodel/schema"&gt;
    &lt;schema&gt;
      &lt;field name="ogrenci_no" type="zope.schema.TextLine"&gt;
        &lt;description/&gt;
        &lt;max_length&gt;9&lt;/max_length&gt;
        &lt;min_length&gt;9&lt;/min_length&gt;
        &lt;title&gt;&amp;#214;&amp;#287;renci No&lt;/title&gt;
      &lt;/field&gt;
      &lt;field name="ad_soyad" type="zope.schema.TextLine"&gt;
        &lt;description/&gt;
        &lt;title&gt;Ad&amp;#305; ve Soyad&amp;#305;&lt;/title&gt;
      &lt;/field&gt;
      &lt;field name="fakulte" type="zope.schema.TextLine"&gt;
        &lt;default&gt;Bilgisayar ve Bili&amp;#351;im Fak.&lt;/default&gt;
        &lt;description&gt;Di&amp;#287;er fak&amp;#252;lteler i&amp;#231;in a&amp;#351;a&amp;#287;&amp;#305;daki yaz&amp;#305;y&amp;#305; de&amp;#287;i&amp;#351;tirin.&lt;/description&gt;
        &lt;title&gt;Fak&amp;#252;ltesi&lt;/title&gt;
      &lt;/field&gt;
      &lt;field name="bolum" type="zope.schema.Choice"&gt;
        &lt;description/&gt;
        &lt;title&gt;B&amp;#246;l&amp;#252;m&amp;#252;&lt;/title&gt;
        &lt;values&gt;
          &lt;element&gt;Bilgisayar M&amp;#252;h. (%30 &amp;#304;ng.)&lt;/element&gt;
          &lt;element&gt;Bilgisayar M&amp;#252;h. (%100 &amp;#304;ng.)&lt;/element&gt;
          &lt;element&gt;Bili&amp;#351;im Sistemleri M&amp;#252;h. (SUNY)&lt;/element&gt;
          &lt;element&gt;Di&amp;#287;er (a&amp;#351;a&amp;#287;&amp;#305;da belirtiniz)&lt;/element&gt;
        &lt;/values&gt;
      &lt;/field&gt;
      &lt;field name="bolum_diger" type="zope.schema.TextLine"&gt;
        &lt;description&gt;B&amp;#246;l&amp;#252;m&amp;#252;n&amp;#252;z yukar&amp;#305;dakilerden biri de&amp;#287;ilse buraya yaz&amp;#305;n&amp;#305;z.&lt;/description&gt;
        &lt;required&gt;False&lt;/required&gt;
        &lt;title&gt;B&amp;#246;l&amp;#252;m&amp;#252; (Di&amp;#287;er)&lt;/title&gt;
      &lt;/field&gt;
      &lt;field name="telefon" type="zope.schema.TextLine"&gt;
        &lt;description&gt;&amp;#304;sterseniz bu alan&amp;#305; bas&amp;#305;l&amp;#305; dilek&amp;#231;ede elle doldurabilirsiniz.&lt;/description&gt;
        &lt;required&gt;False&lt;/required&gt;
        &lt;title&gt;&amp;#304;leti&amp;#351;im Telefonu&lt;/title&gt;
      &lt;/field&gt;
      &lt;field name="e_posta" type="zope.schema.TextLine"&gt;
        &lt;description/&gt;
        &lt;required&gt;False&lt;/required&gt;
        &lt;title&gt;E-posta adresi&lt;/title&gt;
      &lt;/field&gt;
      &lt;field name="tarih" type="zope.schema.Date"&gt;
        &lt;default&gt;2016-09-01&lt;/default&gt;
        &lt;description/&gt;
        &lt;max&gt;2017-02-07&lt;/max&gt;
        &lt;min&gt;2017-02-02&lt;/min&gt;
        &lt;title&gt;Tarih&lt;/title&gt;
      &lt;/field&gt;
      &lt;field name="ders_kod_onek" type="zope.schema.Choice"&gt;
        &lt;description&gt;Ders kodunun ders grubunu belirten k&amp;#305;sm&amp;#305;. &amp;#214;rne&amp;#287;in ders kodu BLG123 ise &amp;#246;nek BLG olarak girilmelidir. A&amp;#350;A&amp;#286;IDAK&amp;#304; L&amp;#304;STEDE BULUNMAYAN DERSLER &amp;#304;&amp;#199;&amp;#304;N YALNIZCA BASILI D&amp;#304;LEK&amp;#199;EY&amp;#304; VERMEN&amp;#304;Z GEREKMEKTED&amp;#304;R; BU FORMU DOLDURMANIZA GEREK YOKTUR.&lt;/description&gt;
        &lt;title&gt;Dersin Kod &amp;#214;neki&lt;/title&gt;
        &lt;values&gt;
          &lt;element&gt;BLG&lt;/element&gt;
          &lt;element&gt;ISE&lt;/element&gt;
          &lt;element&gt;BIL&lt;/element&gt;
          &lt;element&gt;MAT&lt;/element&gt;
          &lt;element&gt;EHB&lt;/element&gt;
          &lt;element&gt;KON&lt;/element&gt;
          &lt;element&gt;HUK&lt;/element&gt;
        &lt;/values&gt;
      &lt;/field&gt;
      &lt;field name="ders_kod" type="zope.schema.TextLine"&gt;
        &lt;description&gt;Ders kodunun &amp;#246;nekten sonraki k&amp;#305;sm&amp;#305;. &amp;#214;rne&amp;#287;in ders kodu BLG123 ise bu alan 123 olarak girilmelidir.&lt;/description&gt;
        &lt;max_length&gt;6&lt;/max_length&gt;
        &lt;min_length&gt;3&lt;/min_length&gt;
        &lt;title&gt;Dersin Kod Numaras&amp;#305;&lt;/title&gt;
      &lt;/field&gt;
      &lt;field name="ders_ad" type="zope.schema.TextLine"&gt;
        &lt;description/&gt;
        &lt;title&gt;Dersin Ad&amp;#305;&lt;/title&gt;
      &lt;/field&gt;
      &lt;field name="gun_ve_saat" type="zope.schema.TextLine"&gt;
        &lt;description/&gt;
        &lt;title&gt;G&amp;#252;n ve Saat&lt;/title&gt;
      &lt;/field&gt;
      &lt;field name="ders2" type="zope.schema.TextLine"&gt;
        &lt;description&gt;Varsa 2. se&amp;#231;enek dersin kodu, ad&amp;#305;, g&amp;#252;n&amp;#252; ve saati. Sadece yukar&amp;#305;daki ders kabul edilmezse de&amp;#287;erlendirilecektir.&lt;/description&gt;
        &lt;required&gt;False&lt;/required&gt;
        &lt;title&gt;Di&amp;#287;er Se&amp;#231;enek&lt;/title&gt;
      &lt;/field&gt;
      &lt;field name="gerekce" type="zope.schema.Text"&gt;
        &lt;description/&gt;
        &lt;title&gt;Gerek&amp;#231;e&lt;/title&gt;
      &lt;/field&gt;
    &lt;/schema&gt;
  &lt;/model&gt;</property>
 <property name="model_file"></property>
 <property name="schema_policy">dexterity</property>
 <alias from="(Default)" to="(dynamic view)"/>
 <alias from="edit" to="@@edit"/>
 <alias from="sharing" to="@@sharing"/>
 <alias from="view" to="(selected layout)"/>
 <action title="View" action_id="view" category="object" condition_expr=""
    description="" icon_expr="" link_target="" url_expr="string:${object_url}"
    visible="True">
  <permission value="View"/>
 </action>
 <action title="Edit" action_id="edit" category="object" condition_expr=""
    description="" icon_expr="" link_target=""
    url_expr="string:${object_url}/edit" visible="True">
  <permission value="Modify portal content"/>
 </action>
</object>
